creator,nsfw_models,versions,files
Malebolgia,2974,3168,3179
moai1088,2720,2786,2787
red5cheat,2619,2619,2651
THEANTLERS,1327,1642,1651
jose9967729568,1174,1247,1258
nochekaiser881,1104,1277,1280
yeetyah145,1099,1810,1821
True_Might,937,2843,2879
pateronusage381,738,738,742
Minoumimi,732,1482,1489
Yoigo,720,1359,1361
gamemon1004,684,985,986
Cinabrio,657,671,677
Shraffekyu,592,855,863
netdigimo,546,1186,1220
sarahpeterson,509,1602,2527
Poyothefluffyboyo,496,516,518
TheGuyWhoLovesAI,462,637,641
Mimoza_Sama,441,503,504
sockingnr001395,435,445,457
Phoebus_AD,406,808,810
00x09901,403,410,412
P5ych0_S4mur41,400,400,402
AMMai,393,510,556
JLJ99,390,397,406
Kronks,380,409,411
ownwaifu,375,431,435
KojiroSfw,375,395,396
stableghost,373,381,654
sg5e,368,387,387
SasakiNsfw,366,445,452
Dragonkingkj,351,351,698
wi1dcrd,339,339,339
Business_bear,328,484,500
w0011153,327,337,337
kjaana,327,329,330
TheHowlingWolf94,325,454,457
KurutAI,320,324,326
Dragonking123,308,315,343
nigglywigglylove689,304,325,326
81187,297,297,304
boosterrex,296,309,313
LazyVisionary,294,309,311
Pathetic,287,387,387
Boxtel,287,339,340
Fasd800,281,366,368
KelevraQuakenstein,266,273,284
SupremoKaioSama,265,271,334
BublesExplosion,256,419,459
Indecent_Studio,253,254,256
